run_name,benchmark,scenario,layer_idx,component,mean_weight_norm,mean_grad_norm,mean_bias_norm,mean_bias_grad_norm,max_grad_norm,n_rows
seq_film_r0pct_seed0,sdfc,shared_head,0,basal,8.787344506292632,0.164526683665257,1.6399254786095234,0.0708003436683235,1.5570733547210693,1584
seq_film_r0pct_seed0,sdfc,shared_head,0,beta,26.352209247723973,0.04462090923679896,13.236884762542417,0.04462090928447394,0.49412551522254944,1584
seq_film_r0pct_seed0,sdfc,shared_head,0,gamma,26.168358952108054,0.010853864009226931,12.573420918349063,0.010853864174369121,0.22348730266094208,1584
seq_film_r0pct_seed0,sdfc,shared_head,1,basal,9.055473146414515,0.3516167460075307,0.675318287290407,0.01797445458293963,4.993885517120361,1584
seq_film_r0pct_seed0,sdfc,shared_head,1,beta,25.95469059486582,0.018955039050636037,12.772407566658174,0.018955038968543232,0.2523079216480255,1584
seq_film_r0pct_seed0,sdfc,shared_head,1,gamma,25.856769092155226,0.02078709704239207,13.409197854875314,0.020787096902256393,0.42277637124061584,1584
seq_film_r2pct_seed0,sdfc,shared_head,0,basal,9.05528100632658,0.11720500233808928,1.7311235308045088,0.04982574904370451,0.7831861972808838,1584
seq_film_r2pct_seed0,sdfc,shared_head,0,beta,26.42637969387902,0.032849219571877676,13.186478831551291,0.03263450269216466,0.2557257413864136,1584
seq_film_r2pct_seed0,sdfc,shared_head,0,gamma,26.448919673158667,0.008417304576582726,12.452787774981875,0.008379316183643161,0.12193511426448822,1584
seq_film_r2pct_seed0,sdfc,shared_head,1,basal,9.579248625822741,0.26052489831592096,0.663546947254376,0.01345725291259276,2.7019996643066406,1584
seq_film_r2pct_seed0,sdfc,shared_head,1,beta,25.97083218531175,0.012677390666744436,12.781789128226464,0.012418301908589703,0.1203831136226654,1584
seq_film_r2pct_seed0,sdfc,shared_head,1,gamma,25.970914690181463,0.011269769797754542,13.289732001044534,0.011239913585398822,0.16964364051818848,1584
seq_film_r5pct_seed0,sdfc,shared_head,0,basal,9.047144072224395,0.1282431609726351,1.686949269187571,0.05547253282933562,0.7928613424301147,1584
seq_film_r5pct_seed0,sdfc,shared_head,0,beta,26.417844883119216,0.03727850197782288,13.170279403527578,0.03696620995197468,0.2557257413864136,1584
seq_film_r5pct_seed0,sdfc,shared_head,0,gamma,26.446614080005222,0.008671265668068152,12.439766518997423,0.008647563741595315,0.11735022813081741,1584
seq_film_r5pct_seed0,sdfc,shared_head,1,basal,9.451650141465544,0.28167153072233003,0.6585969602820849,0.014652196887975996,2.446108341217041,1584
seq_film_r5pct_seed0,sdfc,shared_head,1,beta,25.96458970777916,0.013483199051729525,12.781709101465013,0.01296229723809379,0.13004522025585175,1584
seq_film_r5pct_seed0,sdfc,shared_head,1,gamma,25.96871307642773,0.010956874858925172,13.339970533895974,0.010944153002734916,0.14178387820720673,1584
seq_film_r10pct_seed0,sdfc,shared_head,0,basal,8.999913571458874,0.13332834231168633,1.707598955568039,0.056898380887831064,0.7964847683906555,1584
seq_film_r10pct_seed0,sdfc,shared_head,0,beta,26.415083061565053,0.037590730037213735,13.188763388479599,0.03748265857891028,0.2557257413864136,1584
seq_film_r10pct_seed0,sdfc,shared_head,0,gamma,26.415622064561553,0.00864458244941856,12.462785243988037,0.008614111929541604,0.11576154828071594,1584
seq_film_r10pct_seed0,sdfc,shared_head,1,basal,9.421483455884337,0.2874885020457735,0.6642666100477329,0.014927949247144951,2.6594555377960205,1584
seq_film_r10pct_seed0,sdfc,shared_head,1,beta,25.964892719731186,0.013746651193254954,12.77971361803286,0.013018725609258168,0.11768694221973419,1584
seq_film_r10pct_seed0,sdfc,shared_head,1,gamma,25.969415936807188,0.011035383720901345,13.329415051021961,0.010975193822569146,0.15601031482219696,1584
seq_affine_r0pct_seed0,sdfc,shared_head,0,add,26.352024514265736,0.04437364254371083,0.35488504208883065,0.044373642472733496,0.48351404070854187,1584
seq_affine_r0pct_seed0,sdfc,shared_head,0,basal,8.711078058589589,0.16565628052510398,1.6210074735560802,0.07140468245823726,1.5795990228652954,1584
seq_affine_r0pct_seed0,sdfc,shared_head,0,gate,26.123793193788238,0.010324050851531957,1.4631282421289895,0.010324050869317631,0.21034272015094757,1584
seq_affine_r0pct_seed0,sdfc,shared_head,1,add,25.95321533776293,0.018877683938527567,0.12523562963340534,0.01887768389013548,0.2345159947872162,1584
seq_affine_r0pct_seed0,sdfc,shared_head,1,basal,9.018339979528177,0.3554274836517494,0.6794537326904259,0.01824590139216011,4.998769283294678,1584
seq_affine_r0pct_seed0,sdfc,shared_head,1,gate,25.86222519417002,0.021083926399583244,0.6742240414599596,0.02108392620754206,0.44423654675483704,1584
seq_affine_r2pct_seed0,sdfc,shared_head,0,add,26.441643528263977,0.03311938683870694,0.3404085740830392,0.03295852372083012,0.2582731544971466,1584
seq_affine_r2pct_seed0,sdfc,shared_head,0,basal,8.996530573175411,0.11883578635517018,1.70282774486325,0.050899512701870105,0.8121663928031921,1584
seq_affine_r2pct_seed0,sdfc,shared_head,0,gate,26.431266837649876,0.00788923106029879,1.5890081476448386,0.007831016741663623,0.127081498503685,1584
seq_affine_r2pct_seed0,sdfc,shared_head,1,add,25.967567346312784,0.012633928901295527,0.08203175596303702,0.01244070525070621,0.11879425495862961,1584
seq_affine_r2pct_seed0,sdfc,shared_head,1,basal,9.480649574236436,0.263450361142697,0.6674003460717322,0.013698813806168993,2.7239041328430176,1584
seq_affine_r2pct_seed0,sdfc,shared_head,1,gate,25.9676806107916,0.01039952438496226,0.9016288188156776,0.010388939820448726,0.16020599007606506,1584
seq_affine_r5pct_seed0,sdfc,shared_head,0,add,26.422706777399238,0.03740241899003645,0.35362230404868084,0.03709883135625297,0.2582731544971466,1584
seq_affine_r5pct_seed0,sdfc,shared_head,0,basal,8.960877597633035,0.13011737613035648,1.6586760726540979,0.056493433118289846,0.8096738457679749,1584
seq_affine_r5pct_seed0,sdfc,shared_head,0,gate,26.396066105726995,0.008111295006528962,1.5558658307088973,0.008075220231231387,0.10526437312364578,1584
seq_affine_r5pct_seed0,sdfc,shared_head,1,add,25.965671946304013,0.013263224288296285,0.08227434395336207,0.012733381263770256,0.11429687589406967,1584
seq_affine_r5pct_seed0,sdfc,shared_head,1,basal,9.40558095682751,0.280191044314915,0.6585305781301224,0.014687716676662327,2.44903826713562,1584
seq_affine_r5pct_seed0,sdfc,shared_head,1,gate,25.993242568439907,0.010274577279573111,0.8384618518152039,0.010275720207389876,0.14399604499340057,1584
seq_affine_r10pct_seed0,sdfc,shared_head,0,add,26.420360695232045,0.037575648042832775,0.338148597617295,0.037478606122325196,0.2582731544971466,1584
seq_affine_r10pct_seed0,sdfc,shared_head,0,basal,8.933758806098592,0.13486625474990543,1.6806762378023128,0.05770216062853132,0.8258081078529358,1584
seq_affine_r10pct_seed0,sdfc,shared_head,0,gate,26.366185057042824,0.008115610035460893,1.541948188336171,0.008068970837154087,0.10524750500917435,1584
seq_affine_r10pct_seed0,sdfc,shared_head,1,add,25.964189247651532,0.013570315056685186,0.08563139955036934,0.012859373673017208,0.10859471559524536,1584
seq_affine_r10pct_seed0,sdfc,shared_head,1,basal,9.37562665975455,0.28497586206349573,0.6632922038511194,0.014894918015454665,2.6406404972076416,1584
seq_affine_r10pct_seed0,sdfc,shared_head,1,gate,25.96960834541706,0.010237622775663351,0.8485414090041881,0.010191170477268353,0.15416164696216583,1584
seq_film_r0pct_seed1,sdfc,shared_head,0,basal,9.095503761009736,0.14992696841393194,1.7603761419051824,0.06270423250224658,1.1461244821548462,1584
seq_film_r0pct_seed1,sdfc,shared_head,0,beta,26.7258563005563,0.0389936646586262,12.150887509187063,0.03899366467924141,0.4898873567581177,1584
seq_film_r0pct_seed1,sdfc,shared_head,0,gamma,26.481773127209056,0.009953846029553333,13.087240214299674,0.009953846129946847,0.33549219369888306,1584
seq_film_r0pct_seed1,sdfc,shared_head,1,basal,9.152887502704004,0.32531886281577327,0.646762840826102,0.016843892627888397,5.08064079284668,1584
seq_film_r0pct_seed1,sdfc,shared_head,1,beta,26.47042861851779,0.018584592427277075,13.718993729413159,0.018584592398346644,0.25635653734207153,1584
seq_film_r0pct_seed1,sdfc,shared_head,1,gamma,26.326368121185688,0.021605868796174,14.193553498899094,0.02160586895574898,0.6577842235565186,1584
seq_film_r2pct_seed1,sdfc,shared_head,0,basal,9.412333404777026,0.1052868404058796,1.769299641627856,0.044324627028239624,0.5965945720672607,1584
seq_film_r2pct_seed1,sdfc,shared_head,0,beta,26.78423818313714,0.028291589679693887,12.171272807651096,0.028080206103524432,0.21203474700450897,1584
seq_film_r2pct_seed1,sdfc,shared_head,0,gamma,26.715741833051045,0.006812849371768111,12.96081690294574,0.0067945507945489335,0.14785361289978027,1584
seq_film_r2pct_seed1,sdfc,shared_head,1,basal,9.742930620005637,0.23164510933536508,0.6375311722207551,0.011947930844300314,2.9273717403411865,1584
seq_film_r2pct_seed1,sdfc,shared_head,1,beta,26.467778251628683,0.013230425617556914,13.737299403758964,0.013023511130773551,0.1818346232175827,1584
seq_film_r2pct_seed1,sdfc,shared_head,1,gamma,26.48395207915643,0.012400115342726085,14.198765035831567,0.01238591433216105,0.2372889220714569,1584
seq_film_r5pct_seed1,sdfc,shared_head,0,basal,9.388905418039572,0.10725250699077592,1.8189643615424032,0.045056782021996276,0.569283127784729,1584
seq_film_r5pct_seed1,sdfc,shared_head,0,beta,26.776216087919295,0.02874066696735687,12.176275871016763,0.028652898374018305,0.22587251663208008,1584
seq_film_r5pct_seed1,sdfc,shared_head,0,gamma,26.6965132795199,0.006634541676303894,12.962575051519606,0.006605390356700736,0.15969260036945343,1584
seq_film_r5pct_seed1,sdfc,shared_head,1,basal,9.815030679859296,0.2312486871825343,0.6427966116203202,0.01196557309571051,2.9273717403411865,1584
seq_film_r5pct_seed1,sdfc,shared_head,1,beta,26.470553978525025,0.0134450224016043,13.738516115781033,0.013127667960343491,0.1818346232175827,1584
seq_film_r5pct_seed1,sdfc,shared_head,1,gamma,26.476241123796715,0.012668274260111943,14.190149647418899,0.01257880053331845,0.22600843012332916,1584
seq_film_r10pct_seed1,sdfc,shared_head,0,basal,9.316352050111751,0.11681346896791248,1.811630714120287,0.04902360465076536,0.5626276135444641,1584
seq_film_r10pct_seed1,sdfc,shared_head,0,beta,26.774661810711176,0.03107440299106082,12.16550902104137,0.031208803668326283,0.26904359459877014,1584
seq_film_r10pct_seed1,sdfc,shared_head,0,gamma,26.694826748636032,0.007016595362772638,12.961225669191341,0.006998844371183723,0.15315715968608856,1584
seq_film_r10pct_seed1,sdfc,shared_head,1,basal,9.76415722237693,0.24467785764871297,0.6368633094384815,0.012718905935238434,2.9273717403411865,1584
seq_film_r10pct_seed1,sdfc,shared_head,1,beta,26.469672378867564,0.013965011225173848,13.737965703612627,0.013522849529710505,0.1818346232175827,1584
seq_film_r10pct_seed1,sdfc,shared_head,1,gamma,26.457439190209513,0.01304278859636109,14.18718249448622,0.013030053604899252,0.2510406970977783,1584
seq_affine_r0pct_seed1,sdfc,shared_head,0,add,26.722986056347086,0.0397674958241366,0.4437934397631607,0.03976749580336981,0.5764986276626587,1584
seq_affine_r0pct_seed1,sdfc,shared_head,0,basal,9.061757082890983,0.15179754472972656,1.743267147378488,0.06376571016741277,1.1237497329711914,1584
seq_affine_r0pct_seed1,sdfc,shared_head,0,gate,26.45493469695852,0.009418168430618773,1.4864987721754888,0.009418168558572734,0.31578731536865234,1584
seq_affine_r0pct_seed1,sdfc,shared_head,1,add,26.468350432135843,0.018721878324660594,0.20702984719889972,0.018721878383940814,0.25440290570259094,1584
seq_affine_r0pct_seed1,sdfc,shared_head,1,basal,9.063678064129569,0.3270656150869197,0.6395361726783743,0.016970093970478432,5.2202043533325195,1584
seq_affine_r0pct_seed1,sdfc,shared_head,1,gate,26.32400408056047,0.020728096768715374,0.6003840126513476,0.020728096603628305,0.6196644306182861,1584
seq_affine_r2pct_seed1,sdfc,shared_head,0,add,26.77945063451324,0.027632774361896883,0.32153702836843545,0.027499567062574042,0.30362656712532043,1584
seq_affine_r2pct_seed1,sdfc,shared_head,0,basal,9.421120264915505,0.10360106588999807,1.7859377370338247,0.04357649892776725,0.5602170825004578,1584
seq_affine_r2pct_seed1,sdfc,shared_head,0,gate,26.697777491627317,0.00667425822853193,1.6472226635481213,0.006658406875412582,0.18591871857643127,1584
seq_affine_r2pct_seed1,sdfc,shared_head,1,add,26.46464569038815,0.01359817240912972,0.1620322739307985,0.013393643196788176,0.23563824594020844,1584
seq_affine_r2pct_seed1,sdfc,shared_head,1,basal,9.644365035524272,0.22886985048623473,0.6346960830116513,0.011843656436003769,2.9273717403411865,1584
seq_affine_r2pct_seed1,sdfc,shared_head,1,gate,26.42436030778018,0.011958120071292135,0.8210818216244624,0.011953241983266909,0.25718754529953003,1584
seq_affine_r5pct_seed1,sdfc,shared_head,0,add,26.765302342597884,0.028526287316717663,0.3203058325399814,0.0284986316166093,0.2708256244659424,1584
seq_affine_r5pct_seed1,sdfc,shared_head,0,basal,9.374768987147496,0.10670856450627925,1.8144756774559165,0.04484946418946346,0.5639909505844116,1584
seq_affine_r5pct_seed1,sdfc,shared_head,0,gate,26.68250654803382,0.006476592635215528,1.6317374816704118,0.006459341254532149,0.1788809448480606,1584
seq_affine_r5pct_seed1,sdfc,shared_head,1,add,26.464119416294675,0.013528802548266454,0.1690698967120055,0.013329427792504216,0.21941252052783966,1584
seq_affine_r5pct_seed1,sdfc,shared_head,1,basal,9.771087511922374,0.22905350494612423,0.6381702222532094,0.011926532976218882,2.9273717403411865,1584
seq_affine_r5pct_seed1,sdfc,shared_head,1,gate,26.485018644670042,0.011996983617515953,0.8102730797624893,0.011946965771038768,0.22364994883537292,1584
seq_affine_r10pct_seed1,sdfc,shared_head,0,add,26.76208254303595,0.03097621922201271,0.3412488370415322,0.031076502856704435,0.299896240234375,1584
seq_affine_r10pct_seed1,sdfc,shared_head,0,basal,9.313497613776814,0.11629537207714159,1.8038484881622623,0.04881361521359514,0.5681858062744141,1584
seq_affine_r10pct_seed1,sdfc,shared_head,0,gate,26.68719408006379,0.006899630767146285,1.5974193112824742,0.006889358100703579,0.173925518989563,1584
seq_affine_r10pct_seed1,sdfc,shared_head,1,add,26.463485791225626,0.014022383016100147,0.16324968634507234,0.01359783011332265,0.22790010273456573,1584
seq_affine_r10pct_seed1,sdfc,shared_head,1,basal,9.652085275361031,0.2437562753676879,0.6380968987189158,0.012718563309661734,2.95639705657959,1584
seq_affine_r10pct_seed1,sdfc,shared_head,1,gate,26.449840071225406,0.012122791834252609,0.8174063638569975,0.012109863953479693,0.2146119922399521,1584
seq_film_r0pct_seed2,sdfc,shared_head,0,basal,9.150830165304319,0.14721419177173325,1.8382215736189274,0.06317646740324269,0.9332066774368286,1584
seq_film_r0pct_seed2,sdfc,shared_head,0,beta,26.212779337709602,0.040963435716401715,12.499374075971469,0.04096343583712565,0.8739135265350342,1584
seq_film_r0pct_seed2,sdfc,shared_head,0,gamma,26.96363577336976,0.009134498685660108,12.786171304457115,0.009134498684410701,0.1485978215932846,1584
seq_film_r0pct_seed2,sdfc,shared_head,1,basal,8.911773164163936,0.35699828168038616,0.6633460692158251,0.017602323708482377,7.249431133270264,1584
seq_film_r0pct_seed2,sdfc,shared_head,1,beta,25.491270561410925,0.02030193369421455,12.222816933887174,0.020301933679217076,0.4268738031387329,1584
seq_film_r0pct_seed2,sdfc,shared_head,1,gamma,25.894252101580303,0.027063045942824573,12.697376879778774,0.027063046014555225,0.7010393142700195,1584
seq_film_r2pct_seed2,sdfc,shared_head,0,basal,9.411220935860065,0.1096000935426076,1.8586586654336765,0.04650311906836137,0.82261723279953,1584
seq_film_r2pct_seed2,sdfc,shared_head,0,beta,26.22686671247386,0.0315344747360734,12.501757018493883,0.031527720573851385,0.43751421570777893,1584
seq_film_r2pct_seed2,sdfc,shared_head,0,gamma,27.147335522102587,0.006596248998260243,12.749582628409067,0.006590368822652075,0.08451703190803528,1584
seq_film_r2pct_seed2,sdfc,shared_head,1,basal,9.34871981481109,0.25938831141801794,0.6540910865020271,0.0130734732227468,3.581589460372925,1584
seq_film_r2pct_seed2,sdfc,shared_head,1,beta,25.496748553382027,0.014205800764552759,12.221128618476367,0.014057649365825292,0.2134980857372284,1584
seq_film_r2pct_seed2,sdfc,shared_head,1,gamma,26.100294280533838,0.015677044487779082,12.709354811846607,0.015747504256087452,0.37444615364074707,1584
seq_film_r5pct_seed2,sdfc,shared_head,0,basal,9.447917258197611,0.11749925667118996,1.8507999986259625,0.0501776348224446,0.82261723279953,1584
seq_film_r5pct_seed2,sdfc,shared_head,0,beta,26.224957561252094,0.034126251797789164,12.499490945026128,0.03394857750219782,0.43878647685050964,1584
seq_film_r5pct_seed2,sdfc,shared_head,0,gamma,27.180220116268504,0.006770361343271104,12.716984010103976,0.0067437852323031745,0.08052664995193481,1584
seq_film_r5pct_seed2,sdfc,shared_head,1,basal,9.320819659967615,0.2738562831702181,0.6438954458619007,0.013879752978238978,3.7097954750061035,1584
seq_film_r5pct_seed2,sdfc,shared_head,1,beta,25.495444143661345,0.01553159135668043,12.216080378402363,0.015168610903827753,0.22288388013839722,1584
seq_film_r5pct_seed2,sdfc,shared_head,1,gamma,26.084895487987634,0.0163741737439587,12.66780021214726,0.01636141736985383,0.4339185059070587,1584
seq_film_r10pct_seed2,sdfc,shared_head,0,basal,9.339436381754249,0.1212287432434169,1.8503514954989606,0.05202810962289346,0.82261723279953,1584
seq_film_r10pct_seed2,sdfc,shared_head,0,beta,26.223642596090684,0.035467861384133374,12.493091248502635,0.03558769248420596,0.4370603859424591,1584
seq_film_r10pct_seed2,sdfc,shared_head,0,gamma,27.11120791266663,0.006980569558418027,12.76378420507065,0.006961978345784839,0.06983683258295059,1584
seq_film_r10pct_seed2,sdfc,shared_head,1,basal,9.211387911830286,0.2857267125168665,0.6567625935481052,0.014530276222195434,3.608614921569824,1584
seq_film_r10pct_seed2,sdfc,shared_head,1,beta,25.493647878820244,0.015982723467211392,12.216763027388641,0.015689163607776942,0.27083620429039,1584
seq_film_r10pct_seed2,sdfc,shared_head,1,gamma,26.058054158181854,0.016268497982585388,12.667413877718376,0.016208944907886706,0.4486134946346283,1584
seq_affine_r0pct_seed2,sdfc,shared_head,0,add,26.21319232324157,0.04175568435438794,0.3493261724325941,0.04175568441463507,0.8523437976837158,1584
seq_affine_r0pct_seed2,sdfc,shared_head,0,basal,9.036808926047701,0.15237135627081222,1.7772953921947816,0.06568868387863275,0.9584758281707764,1584
seq_affine_r0pct_seed2,sdfc,shared_head,0,gate,26.908018655247158,0.008778721656511548,1.5924107199370146,0.008778721726919299,0.17140959203243256,1584
seq_affine_r0pct_seed2,sdfc,shared_head,1,add,25.491575385584976,0.020321384652987,0.18546102070155543,0.020321384557551492,0.40914204716682434,1584
seq_affine_r0pct_seed2,sdfc,shared_head,1,basal,8.8749199073122,0.35941920065523286,0.6648167863187163,0.01788863992836776,7.088445663452148,1584
seq_affine_r0pct_seed2,sdfc,shared_head,1,gate,25.896230692815298,0.023227183424347056,0.699785114109582,0.023227183603012236,0.7143843173980713,1584
seq_affine_r2pct_seed2,sdfc,shared_head,0,add,26.24698204584796,0.03159520105405917,0.3376267235849589,0.031401395970211944,0.42677366733551025,1584
seq_affine_r2pct_seed2,sdfc,shared_head,0,basal,9.319558410331457,0.11080854216524673,1.8079536510537368,0.047165763706105264,0.8271322250366211,1584
seq_affine_r2pct_seed2,sdfc,shared_head,0,gate,27.132433331373967,0.00624507021704557,1.7139780233458926,0.006247262147930216,0.11016791313886642,1584
seq_affine_r2pct_seed2,sdfc,shared_head,1,add,25.50085229343838,0.013970753681626251,0.15891015312088785,0.013763670326856107,0.2046373039484024,1584
seq_affine_r2pct_seed2,sdfc,shared_head,1,basal,9.329367757746667,0.2563830002662585,0.6501611742858935,0.012985114019584493,3.5003416538238525,1584
seq_affine_r2pct_seed2,sdfc,shared_head,1,gate,26.133144879581952,0.013872090515647098,0.8406603832698587,0.01388609090255811,0.3710358142852783,1584
seq_affine_r5pct_seed2,sdfc,shared_head,0,add,26.238372549866185,0.034627671576510526,0.342108074061201,0.03431482766218966,0.42799806594848633,1584
seq_affine_r5pct_seed2,sdfc,shared_head,0,basal,9.350866010092725,0.11926005607132208,1.8216262486847965,0.05107282057070559,0.8271322250366211,1584
seq_affine_r5pct_seed2,sdfc,shared_head,0,gate,27.15748744661158,0.006564683100015203,1.718194605756758,0.006541003960298228,0.1070111095905304,1584
seq_affine_r5pct_seed2,sdfc,shared_head,1,add,25.493763342048183,0.015376005172165972,0.1626727671357756,0.014934877693839107,0.20972469449043274,1584
seq_affine_r5pct_seed2,sdfc,shared_head,1,basal,9.253589920022272,0.27684554147223633,0.6509773880995885,0.014109304228509935,3.627530574798584,1584
seq_affine_r5pct_seed2,sdfc,shared_head,1,gate,26.09085816807217,0.014348185184901765,0.8182125660353293,0.014324007707645333,0.4682968258857727,1584
seq_affine_r10pct_seed2,sdfc,shared_head,0,add,26.243626772755324,0.03514849158963067,0.3403093304909587,0.03501612656686984,0.42627689242362976,1584
seq_affine_r10pct_seed2,sdfc,shared_head,0,basal,9.254712556347702,0.12178000744733244,1.822190030506163,0.052192720736264055,0.8271322250366211,1584
seq_affine_r10pct_seed2,sdfc,shared_head,0,gate,27.10927286774221,0.006640836908840668,1.7112640840768099,0.006626897261109359,0.09861180186271667,1584
seq_affine_r10pct_seed2,sdfc,shared_head,1,add,25.49574815865719,0.015156557984446041,0.16138016075751924,0.014732910478301648,0.20458263158798218,1584
seq_affine_r10pct_seed2,sdfc,shared_head,1,basal,9.275049969704463,0.2772578962377715,0.654587737764373,0.014171430349377793,3.528198719024658,1584
seq_affine_r10pct_seed2,sdfc,shared_head,1,gate,26.06006161371867,0.014290840410155001,0.7996024170530621,0.01426307345702133,0.3824164569377899,1584
seq_film_r0pct_seed3,sdfc,shared_head,0,basal,8.97675314846665,0.1556600987566682,1.738801632490423,0.06646211185293258,1.6366326808929443,1584
seq_film_r0pct_seed3,sdfc,shared_head,0,beta,26.400437341796028,0.04362652904522963,13.363357720953045,0.04362652889979316,0.8408455848693848,1584
seq_film_r0pct_seed3,sdfc,shared_head,0,gamma,26.08420374778786,0.012350077890207305,13.456101074965312,0.012350077935939272,0.49368754029273987,1584
seq_film_r0pct_seed3,sdfc,shared_head,1,basal,9.019155475828383,0.3680646581074924,0.6224403762531401,0.018566428570135362,8.53316593170166,1584
seq_film_r0pct_seed3,sdfc,shared_head,1,beta,26.286931223339504,0.01885988206392788,13.50193280643887,0.018859882122443297,0.2618919909000397,1584
seq_film_r0pct_seed3,sdfc,shared_head,1,gamma,26.044599316336893,0.019515043106256406,13.353489925162961,0.019515042955335404,0.5497612953186035,1584
seq_film_r2pct_seed3,sdfc,shared_head,0,basal,9.2577853877135,0.1059312115428085,1.846915257549045,0.04463385682637719,1.102599024772644,1584
seq_film_r2pct_seed3,sdfc,shared_head,0,beta,26.501819759908347,0.031462272041957326,13.339268938459531,0.031535467931866554,0.5763347148895264,1584
seq_film_r2pct_seed3,sdfc,shared_head,0,gamma,26.373938035483313,0.00860967649556426,13.323709540896946,0.008591318299515864,0.1726454645395279,1584
seq_film_r2pct_seed3,sdfc,shared_head,1,basal,9.417192191186578,0.26341835270880376,0.6155419445248566,0.013510371028739124,4.041466236114502,1584
seq_film_r2pct_seed3,sdfc,shared_head,1,beta,26.283050596111952,0.013699551717616837,13.508169393948835,0.013529571610244873,0.23305311799049377,1584
seq_film_r2pct_seed3,sdfc,shared_head,1,gamma,26.1041109345176,0.012587865883908693,13.308404976069324,0.012655137142972289,0.34765464067459106,1584
seq_film_r5pct_seed3,sdfc,shared_head,0,basal,9.281295553903387,0.11648607879378503,1.841323487761647,0.05090776962849001,1.102599024772644,1584
seq_film_r5pct_seed3,sdfc,shared_head,0,beta,26.505184352999986,0.03679493050341732,13.343304650952117,0.03670359692479924,0.6140021681785583,1584
seq_film_r5pct_seed3,sdfc,shared_head,0,gamma,26.325818005234304,0.009260364436259907,13.36332046383559,0.009256997675166908,0.16658513247966766,1584
seq_film_r5pct_seed3,sdfc,shared_head,1,basal,9.377241780059506,0.2911473080725174,0.6154229428732034,0.015028545399732736,4.052635669708252,1584
seq_film_r5pct_seed3,sdfc,shared_head,1,beta,26.285013004986926,0.014921334556215651,13.513497639184047,0.014303677502023174,0.24117925763130188,1584
seq_film_r5pct_seed3,sdfc,shared_head,1,gamma,26.076674891240668,0.01228544226658855,13.315868561918085,0.01229535348432943,0.32237595319747925,1584
seq_film_r10pct_seed3,sdfc,shared_head,0,basal,9.149144051652966,0.12255046063930625,1.8271030453268928,0.05092138329737189,1.102599024772644,1584
seq_film_r10pct_seed3,sdfc,shared_head,0,beta,26.50743370465558,0.036136391199375575,13.343714420843606,0.036117548987316,0.5271193385124207,1584
seq_film_r10pct_seed3,sdfc,shared_head,0,gamma,26.297860778943456,0.0091003437017648,13.37490790721142,0.009109912283196481,0.1588292419910431,1584
seq_film_r10pct_seed3,sdfc,shared_head,1,basal,9.372607297668553,0.291080934664639,0.6130915169764046,0.014973960342498998,4.055545806884766,1584
seq_film_r10pct_seed3,sdfc,shared_head,1,beta,26.28626631967949,0.014677541170339732,13.513642853558666,0.01421491038558538,0.21037441492080688,1584
seq_film_r10pct_seed3,sdfc,shared_head,1,gamma,26.0856985961548,0.012051790010409237,13.352707548574967,0.012026777255129554,0.2989567518234253,1584
seq_affine_r0pct_seed3,sdfc,shared_head,0,add,26.389127264119157,0.04456984918569004,0.3578682162174532,0.04456984904942661,0.6704718470573425,1584
seq_affine_r0pct_seed3,sdfc,shared_head,0,basal,8.851509092733114,0.1613566601085077,1.6986607666870561,0.06892377750023804,1.5229744911193848,1584
seq_affine_r0pct_seed3,sdfc,shared_head,0,gate,26.057403877528028,0.011352865958524305,1.532809554365807,0.011352866039349905,0.41435664892196655,1584
seq_affine_r0pct_seed3,sdfc,shared_head,1,add,26.28381892888233,0.019013899228925213,0.14655160887791266,0.01901389928403577,0.3049125671386719,1584
seq_affine_r0pct_seed3,sdfc,shared_head,1,basal,8.977308343757283,0.3816733837390502,0.6173727514241079,0.019309863812381853,8.61157512664795,1584
seq_affine_r0pct_seed3,sdfc,shared_head,1,gate,26.033346628901935,0.01841179041711983,0.7004341354353748,0.018411790509024726,0.48655712604522705,1584
seq_affine_r2pct_seed3,sdfc,shared_head,0,add,26.508701573718678,0.031261776911580656,0.3312546271799048,0.031363771895379464,0.5549007058143616,1584
seq_affine_r2pct_seed3,sdfc,shared_head,0,basal,9.187470781983752,0.10708815277074323,1.8127777088772168,0.04524292943956838,1.1239253282546997,1584
seq_affine_r2pct_seed3,sdfc,shared_head,0,gate,26.36885398325294,0.008234410763675854,1.7548831208730165,0.008233459826809886,0.16596399247646332,1584
seq_affine_r2pct_seed3,sdfc,shared_head,1,add,26.282349920032,0.013590486568223425,0.1277787524326634,0.013501130331699565,0.23319748044013977,1584
seq_affine_r2pct_seed3,sdfc,shared_head,1,basal,9.457547268181136,0.26531218254063843,0.614949462540222,0.013693228234043283,4.109039783477783,1584
seq_affine_r2pct_seed3,sdfc,shared_head,1,gate,26.1050482229753,0.011438796991202215,0.9169038520359217,0.011524408950833157,0.2759127914905548,1584
seq_affine_r5pct_seed3,sdfc,shared_head,0,add,26.50467816627387,0.0367377475480533,0.3226013835619505,0.03666131400716885,0.5851482152938843,1584
seq_affine_r5pct_seed3,sdfc,shared_head,0,basal,9.187911846420981,0.11896732173192155,1.7923516820024963,0.052106945148688,1.1239253282546997,1584
seq_affine_r5pct_seed3,sdfc,shared_head,0,gate,26.30806663542083,0.008967405272561896,1.750381587244302,0.008985790473584209,0.1671798676252365,1584
seq_affine_r5pct_seed3,sdfc,shared_head,1,add,26.281420677599282,0.014860298268185622,0.12106533807489522,0.014321364325167972,0.23855452239513397,1584
seq_affine_r5pct_seed3,sdfc,shared_head,1,basal,9.456302348712478,0.2908325993568834,0.614705628856565,0.015119816022613095,4.114039421081543,1584
seq_affine_r5pct_seed3,sdfc,shared_head,1,gate,26.095165911346974,0.011140648582379916,0.9177178798567955,0.011144097230958369,0.21605269610881805,1584
seq_affine_r10pct_seed3,sdfc,shared_head,0,add,26.504408443816985,0.03605861521509264,0.3119791271735331,0.03607420712703492,0.5386663675308228,1584
seq_affine_r10pct_seed3,sdfc,shared_head,0,basal,9.106747851829336,0.12398228056098551,1.7918269993229345,0.05167101474003772,1.1239253282546997,1584
seq_affine_r10pct_seed3,sdfc,shared_head,0,gate,26.286703144661104,0.0087268604650609,1.6977306013248363,0.00871835847742705,0.15851184725761414,1584
seq_affine_r10pct_seed3,sdfc,shared_head,1,add,26.281087946410132,0.014491317115619384,0.11479253394175273,0.014080201364283377,0.20682328939437866,1584
seq_affine_r10pct_seed3,sdfc,shared_head,1,basal,9.393815053231789,0.2912068238312548,0.6155338607577965,0.015053773778843128,3.9858481884002686,1584
seq_affine_r10pct_seed3,sdfc,shared_head,1,gate,26.086063872684132,0.01259160607467015,0.9187871470713442,0.012613929431811104,0.22523970901966095,1584
seq_film_r0pct_seed4,sdfc,shared_head,0,basal,8.67932738077761,0.16977979003856278,1.736687811712424,0.07169791099655376,1.2601311206817627,1584
seq_film_r0pct_seed4,sdfc,shared_head,0,beta,26.023622025143016,0.04663096512910551,12.97057081713821,0.046630965246379795,0.5025399327278137,1584
seq_film_r0pct_seed4,sdfc,shared_head,0,gamma,26.61917954623097,0.010337379143098275,13.734587055264097,0.010337379143392254,0.21632878482341766,1584
seq_film_r0pct_seed4,sdfc,shared_head,1,basal,9.126523869206206,0.355490304702526,0.6518192979874033,0.018878780371617932,5.937739849090576,1584
seq_film_r0pct_seed4,sdfc,shared_head,1,beta,26.194893852628844,0.018859203045328076,13.218794566814346,0.018859203091879963,0.28248563408851624,1584
seq_film_r0pct_seed4,sdfc,shared_head,1,gamma,26.78886936529718,0.02032296777851474,13.744647240999972,0.020322967817319848,0.5969832539558411,1584
seq_film_r2pct_seed4,sdfc,shared_head,0,basal,9.141986558533679,0.12300231247067903,1.8189878165721893,0.05355159630834341,1.2601311206817627,1584
seq_film_r2pct_seed4,sdfc,shared_head,0,beta,26.08845693896515,0.03718073502241076,12.95822181484916,0.03718374187822363,0.4455806612968445,1584
seq_film_r2pct_seed4,sdfc,shared_head,0,gamma,26.860767293458032,0.007840359395828786,13.584801555281938,0.007824217978831982,0.10832131654024124,1584
seq_film_r2pct_seed4,sdfc,shared_head,1,basal,9.75458725684821,0.2535014163533395,0.6351895187464025,0.013646476721551337,3.057331085205078,1584
seq_film_r2pct_seed4,sdfc,shared_head,1,beta,26.19591338104672,0.014736966630466392,13.222932283324425,0.014375331089056694,0.21735239028930664,1584
seq_film_r2pct_seed4,sdfc,shared_head,1,gamma,26.984779993693035,0.013062689737823964,13.701413554976686,0.013043628064858212,0.25371426343917847,1584
seq_film_r5pct_seed4,sdfc,shared_head,0,basal,9.06532613948138,0.12610256730465952,1.8378046985828516,0.05368802555709739,1.2601311206817627,1584
seq_film_r5pct_seed4,sdfc,shared_head,0,beta,26.08981330828233,0.03736562323071455,12.953977897913768,0.03721697562304777,0.402333527803421,1584
seq_film_r5pct_seed4,sdfc,shared_head,0,gamma,26.832559748129412,0.007987017201046892,13.59043338383087,0.007972757786443584,0.09723933041095734,1584
seq_film_r5pct_seed4,sdfc,shared_head,1,basal,9.693736017653436,0.2568132432443419,0.6328675341651295,0.013832274380037592,2.9454739093780518,1584
seq_film_r5pct_seed4,sdfc,shared_head,1,beta,26.199417153994244,0.014506607157696553,13.225492880199894,0.01430371740399886,0.1925981193780899,1584
seq_film_r5pct_seed4,sdfc,shared_head,1,gamma,26.989674509173692,0.012268318260987255,13.69103092978699,0.01229494663442378,0.23952682316303253,1584
seq_film_r10pct_seed4,sdfc,shared_head,0,basal,9.020344712818511,0.13741168977382281,1.8220556689181713,0.05815287088479075,1.2601311206817627,1584
seq_film_r10pct_seed4,sdfc,shared_head,0,beta,26.082672530954536,0.04043294056539092,12.954701211717394,0.04014168234149533,0.3634530007839203,1584
seq_film_r10pct_seed4,sdfc,shared_head,0,gamma,26.824581532767326,0.00819755480092635,13.57997326778643,0.00815746625823632,0.0969100371003151,1584
seq_film_r10pct_seed4,sdfc,shared_head,1,basal,9.557515408956643,0.2687999282062825,0.6408232697332749,0.014532840556209218,2.777255058288574,1584
seq_film_r10pct_seed4,sdfc,shared_head,1,beta,26.200204451878864,0.014820489658137202,13.223164668588927,0.014429868781447645,0.1907903403043747,1584
seq_film_r10pct_seed4,sdfc,shared_head,1,gamma,26.954969308593057,0.012547459544955265,13.697548004111859,0.012516895705483316,0.23755575716495514,1584
seq_affine_r0pct_seed4,sdfc,shared_head,0,add,26.019535129720513,0.04696183550916228,0.3651357856026446,0.04696183515496692,0.4631504714488983,1584
seq_affine_r0pct_seed4,sdfc,shared_head,0,basal,8.62177387150851,0.1728081036208555,1.7019304152992036,0.07308687200514609,1.2541272640228271,1584
seq_affine_r0pct_seed4,sdfc,shared_head,0,gate,26.593998623616766,0.009897296673590622,1.4466254203980131,0.009897296718201798,0.20423337817192078,1584
seq_affine_r0pct_seed4,sdfc,shared_head,1,add,26.198733677767745,0.01828042493901123,0.10133144522328023,0.018280424904979425,0.2648871839046478,1584
seq_affine_r0pct_seed4,sdfc,shared_head,1,basal,9.128504299154185,0.35486458687492733,0.6478203352578361,0.01891978048613946,5.785679817199707,1584
seq_affine_r0pct_seed4,sdfc,shared_head,1,gate,26.79274252448419,0.020386017450297427,0.5957043799042533,0.02038601738330717,0.5663600564002991,1584
seq_affine_r2pct_seed4,sdfc,shared_head,0,add,26.087709499127936,0.036698252891556704,0.33257250388675,0.03676731087406175,0.4178406000137329,1584
seq_affine_r2pct_seed4,sdfc,shared_head,0,basal,9.089685336808966,0.1235470307327694,1.7984025063689308,0.05367107792625749,1.2541272640228271,1584
seq_affine_r2pct_seed4,sdfc,shared_head,0,gate,26.83974092656916,0.0076986251172851865,1.703022086454292,0.007698223527125201,0.1279853880405426,1584
seq_affine_r2pct_seed4,sdfc,shared_head,1,add,26.199401661603137,0.014661117270686995,0.09058505849797523,0.01439253640358969,0.2081574648618698,1584
seq_affine_r2pct_seed4,sdfc,shared_head,1,basal,9.674283633930514,0.2541538005897004,0.6435734425304513,0.013773376607265861,2.9003539085388184,1584
seq_affine_r2pct_seed4,sdfc,shared_head,1,gate,26.942025795127407,0.011886171446633972,0.8116418947783214,0.011867996143539332,0.23615938425064087,1584
seq_affine_r5pct_seed4,sdfc,shared_head,0,add,26.09031304807374,0.03683746848047912,0.33667631679322724,0.036733133935662535,0.38450875878334045,1584
seq_affine_r5pct_seed4,sdfc,shared_head,0,basal,9.009492168823877,0.12689177910656188,1.8120916014668917,0.05391150852547714,1.2541272640228271,1584
seq_affine_r5pct_seed4,sdfc,shared_head,0,gate,26.824291851785446,0.007696250248321148,1.6662747154854276,0.007675253867137603,0.1037999838590622,1584
seq_affine_r5pct_seed4,sdfc,shared_head,1,add,26.201602868359497,0.014299572370014502,0.08327477145646087,0.014111691997773235,0.18994328379631042,1584
seq_affine_r5pct_seed4,sdfc,shared_head,1,basal,9.642894343595312,0.25793956325394146,0.6365520013025915,0.013946319870901697,2.843446731567383,1584
seq_affine_r5pct_seed4,sdfc,shared_head,1,gate,26.950514645287484,0.01183366475147936,0.7882793775155218,0.011832455018392089,0.22370858490467072,1584
seq_affine_r10pct_seed4,sdfc,shared_head,0,add,26.07951760773707,0.04040581322697613,0.3307975144795791,0.040129416110446965,0.34109944105148315,1584
seq_affine_r10pct_seed4,sdfc,shared_head,0,basal,8.965676719492132,0.1385895937347239,1.7999210732452797,0.05862510655277568,1.2541272640228271,1584
seq_affine_r10pct_seed4,sdfc,shared_head,0,gate,26.811428219381003,0.008173710264434869,1.6415589239631752,0.008123314993237287,0.1058850809931755,1584
seq_affine_r10pct_seed4,sdfc,shared_head,1,add,26.201094609318357,0.014911913021055767,0.09085127009452801,0.014487326963436865,0.19791735708713531,1584
seq_affine_r10pct_seed4,sdfc,shared_head,1,basal,9.460260754883892,0.27520546540406277,0.6361841686973067,0.014955289452124054,2.8884456157684326,1584
seq_affine_r10pct_seed4,sdfc,shared_head,1,gate,26.926258979421675,0.011861144604622634,0.7524754322319752,0.011848301614872521,0.2241259068250656,1584
